{"linear_regression": {"mse": 0.5096848390122746, "mae": 0.5670960993762919, "r2": 0.43830873079803523}, "random_forest": {"mse": 0.6094915352754614, "mae": 0.6238378074788605, "r2": 0.3283181138364537}, "gradient_boosting": {"mse": 0.6016971412882204, "mae": 0.6240003816564859, "r2": 0.33690782009461484}, "svr": {"mse": 1.0348972236599194, "mae": 0.8150058857775696, "r2": -0.14049445963043583}}